اسم البرنامج,الرابط القصير,الرابط الطويل,الإحداثيات
فُلك فَلك,https://maps.app.goo.gl/98Rrb3NTn63jogAq7,"https://maps.google.com/maps?q=%D8%AF%D8%A7%D8%B1+%D9%85%D8%B3%D9%83+%D9%84%D8%AA%D8%AD%D9%81%D9%8A%D8%B8+%D8%A7%D9%84%D9%82%D8%B1%D8%A2%D9%86+%D8%A7%D9%84%D9%83%D8%B1%D9%8A%D9%85+%D8%A8%D8%AD%D9%8A+%D8%A7%D9%84%D8%AC%D8%B2%D9%8A%D8%B1%D8%A9%D8%8C+%D8%A7%D9%84%D8%AB%D8%A7%D9%84%D8%AB%D8%8C+%D8%AD%D9%8A+%D8%A7%D9%84%D8%AC%D8%B2%D9%8A%D8%B1%D8%A9%D8%8C+%D8%A7%D9%84%D8%B1%D9%8A%D8%A7%D8%B6+14261&ftid=0x3e2f07c057d51ded:0xa68c862f1a286f22&entry=gps&shh=CAE&lucs=,94297699,94231188,94280568,47071704,94218641,94282134,94286869&g_ep=CAISEjI1LjQ0LjIuODI0NjIxMzk2MBgAIIgnKj8sOTQyOTc2OTksOTQyMzExODgsOTQyODA1NjgsNDcwNzE3MDQsOTQyMTg2NDEsOTQyODIxMzQsOTQyODY4NjlCAlNB&skid=6f033c33-9308-4e74-89d6-f1d937a98d99",لا توجد إحداثيات
ثروة 3,https://maps.app.goo.gl/dZLmYuQiebZwBsEE9,https://www.google.com/maps/place/%D9%86%D8%A7%D8%AF%D9%8A+%D8%AF%D9%8A%D9%85%D8%8C+%D8%B7%D8%B1%D9%8A%D9%82+%D8%A7%D9%84%D8%AE%D8%B1%D8%AC%D8%8C+%D8%A7%D9%84%D8%AE%D8%A7%D9%84%D8%AF%D9%8A%D8%A9%D8%8C+%D8%A7%D9%84%D8%B1%D9%8A%D8%A7%D8%B6+12875%E2%80%AD/data=!4m2!3m1!1s0x3e2f09a045dc73ed:0x6646dc9cd0961ba2?utm_source=mstt_1&entry=gps&g_ep=CAESCTExLjU1LjgwMhgAIP___________wEqAA%3D%3D,لا توجد إحداثيات
صيفُنا أثر,https://maps.app.goo.gl/pNQE9s8SYcibgonA7,"https://maps.google.com/maps?q=RMG2+VGF+%D8%AC%D8%A7%D9%85%D8%B9+%D9%85%D8%AD%D9%85%D8%AF+%D8%B9%D8%A8%D8%AF%D8%A7%D9%84%D8%B1%D8%AD%D9%85%D9%86+%D8%A7%D9%84%D8%AC%D8%AD%D9%84%D8%A7%D9%86%D8%8C+%D8%A7%D9%84%D9%82%D8%A7%D8%AF%D8%B3%D9%8A%D8%A9%D8%8C+%D8%A7%D9%84%D9%8A%D8%A7%D8%B3%D9%85%D9%8A%D9%86%D8%8C+%D8%A7%D9%84%D8%B1%D9%8A%D8%A7%D8%B6+13326&ftid=0x3e2ee4be1e7a2ecb:0x3d36473c00e79e21&entry=gps&shh=CAE&lucs=,94297699,94231188,94280568,47071704,94218641,94282134,100813464,94286869&g_ep=CAISEjI2LjIyLjIuOTIxMTAxNzU3MBgAIIgnKkksOTQyOTc2OTksOTQyMzExODgsOTQyODA1NjgsNDcwNzE3MDQsOTQyMTg2NDEsOTQyODIxMzQsMTAwODEzNDY0LDk0Mjg2ODY5QgJTQQ%3D%3D&skid=9f509bd3-96e7-4f8c-a23a-28f84a30ab08",لا توجد إحداثيات
نبض,https://goo.gl/maps/KAgdGEK1M1cMPNjC6,"https://maps.google.com/maps?q=24.730051,46.657001&entry=gps&g_ep=CAESBzI2LjIzLjEYACCenQoqgQEsOTQyNjc3MjcsOTQyOTIxOTUsOTQyOTk1MzIsMTAwNzk2NDk4LDEwMDc5Nzc2MSwxMDA3OTY1MzUsOTQyODA1NzYsOTQyMDczOTQsOTQyMDc1MDYsOTQyMDg1MDYsOTQyMTg2NTMsOTQyMjk4MzksOTQyNzUxNjgsOTQyNzk2MTlCAlNB&skid=73225524-26e8-4834-924d-8bff5cdff157&shorturl=1",لا توجد إحداثيات
صيف الرسالة,https://maps.app.goo.gl/otHMWR2oVw5mXNZDA,"https://maps.google.com/maps?q=%D9%85%D8%B1%D9%83%D8%B2+%D8%A7%D9%84%D8%B1%D8%B3%D8%A7%D9%84%D8%A9+%D9%84%D9%84%D9%81%D8%AA%D9%8A%D8%A7%D8%AA,+8366+Umm+Salam,+King+Fahd,+Riyadh+12274&ftid=0x3e2efd52e3fd0569:0xaa11eff26cc38d46&entry=gps&shh=CAE&lucs=,94297699,94231188,94280568,47071704,94218641,94282134,100813464,94286869&g_ep=CAISEjI2LjIxLjEuOTE3Mzg1NDY3MBgAIIgnKkksOTQyOTc2OTksOTQyMzExODgsOTQyODA1NjgsNDcwNzE3MDQsOTQyMTg2NDEsOTQyODIxMzQsMTAwODEzNDY0LDk0Mjg2ODY5QgJTQQ%3D%3D&skid=cd2fd708-a0a3-4178-a625-061116b4479a",لا توجد إحداثيات
فجر,https://maps.app.goo.gl/r4Gr9h1LZoRKXHxh9,"https://www.google.com/maps/place/%D8%AC%D9%85%D8%B9%D9%8A%D8%A9+%D9%88%D8%A7%D9%81%D8%B1+%D8%A7%D9%84%D8%AA%D8%B9%D9%84%D9%8A%D9%85%D9%8A%D8%A9%E2%80%AD/@24.7743713,46.6305807,17z/data=!3m1!4b1!4m6!3m5!1s0x3e2ee3d2ab5d7337:0xdd26ceb13e56a572!8m2!3d24.7743713!4d46.6305807!16s%2Fg%2F11l325hd0m?entry=tts&g_ep=EgoyMDI2MDYwMy4xIPu8ASoASAFQAw%3D%3D&skid=dedca430-8e91-407a-acb0-3d4e89bc32bc","24.7743713, 46.6305807"
صيف باسقة,https://goo.gl/maps/KAgdGEK1M1cMPNjC6,"https://maps.google.com/maps?q=24.730051,46.657001&entry=gps&g_ep=CAESBzI2LjIzLjEYACCenQoqgQEsOTQyNjc3MjcsOTQyOTIxOTUsOTQyOTk1MzIsMTAwNzk2NDk4LDEwMDc5Nzc2MSwxMDA3OTY1MzUsOTQyODA1NzYsOTQyMDczOTQsOTQyMDc1MDYsOTQyMDg1MDYsOTQyMTg2NTMsOTQyMjk4MzksOTQyNzUxNjgsOTQyNzk2MTlCAlNB&skid=73225524-26e8-4834-924d-8bff5cdff157&shorturl=1",لا توجد إحداثيات
صحبة ٢,https://maps.app.goo.gl/VtLAaZfMDjdpHiCD8,"https://maps.google.com/maps?q=GPW2+R6R+%E2%80%8F%E2%80%8F%D8%AF%D8%A7%D8%B1+%D8%A7%D9%84%D8%B4%D9%8A%D9%85%D8%A7%D8%A1+%D8%A8%D9%86%D8%AA+%D8%A7%D9%84%D8%AD%D8%A7%D8%B1%D8%AB+%D8%A7%D9%84%D8%AA%D8%A7%D8%A8%D8%B9+%D9%84%D9%85%D8%B1%D9%83%D8%B2+%D8%A7%D9%84%D8%AC%D9%86%D9%88%D8%A8+%D8%AC%D9%85%D8%B9%D9%8A%D8%A9+%D9%85%D9%83%D9%86%D9%88%D9%86%D8%8C+%D8%A7%D9%84%D8%A7%D8%B4%D8%B1%D8%A7%D9%81%D8%8C+%D8%A8%D8%AF%D8%B1%D8%8C+%D8%A7%D9%84%D8%B1%D9%8A%D8%A7%D8%B6+14724&ftid=0x3e2f0e5cc16c69bb:0x4b5b048b0433012e&entry=gps&shh=CAE&lucs=,94297699,94231188,94280568,47071704,94218641,94282134,100813464,94286869&g_ep=CAISEjI2LjIzLjUuOTI0MzY0MTg2MBgAIIgnKkksOTQyOTc2OTksOTQyMzExODgsOTQyODA1NjgsNDcwNzE3MDQsOTQyMTg2NDEsOTQyODIxMzQsMTAwODEzNDY0LDk0Mjg2ODY5QgJTQQ%3D%3D&skid=d7877c80-272a-4042-aa37-6404d1d567de",لا توجد إحداثيات
مرتقى المعاهدة,https://maps.app.goo.gl/nwPgqbbEZWJ1B5wB9,"https://maps.google.com/maps?q=%D8%B4%D8%B1%D9%83%D8%A9+%D8%A5%D8%AB%D8%B1%D8%A7%D8%A1+%D8%A7%D9%84%D9%85%D8%B9%D8%B1%D9%81%D8%A9%D8%8C+%D8%A7%D9%84%D8%A8%D8%AD%D8%B1+%D8%A7%D9%84%D9%85%D8%AA%D9%88%D8%B3%D8%B7%D8%8C+%D8%A7%D9%84%D8%B9%D9%82%D9%8A%D9%82%D8%8C+%D8%A7%D9%84%D8%B1%D9%8A%D8%A7%D8%B6+13515&ftid=0x3e2ee3c78efd84bd:0xb67ddcc8fdf6be70&entry=gps&lucs=,94231188,47071704,94218641,94282134,94286869&g_ep=CAISEjI1LjIyLjAuNzYzNTE5NzAyMBgAINeCAyotLDk0MjMxMTg4LDQ3MDcxNzA0LDk0MjE4NjQxLDk0MjgyMTM0LDk0Mjg2ODY5QgJTQQ%3D%3D&skid=201b881e-7c0f-4ef6-893e-452741527daf",لا توجد إحداثيات
تمكين,https://maps.app.goo.gl/Kc8A4hkCntGF7bNc6,"https://maps.google.com/maps?q=%D9%85%D8%B1%D9%83%D8%B2+%D8%A7%D9%84%D8%B1%D9%88%D8%A7%D8%A1+%D8%A7%D9%84%D8%B9%D9%84%D9%85%D9%8A+%D9%84%D9%84%D8%AA%D8%AF%D8%B1%D9%8A%D8%A8%D8%8C+%D8%A7%D9%84%D8%A8%D8%AD%D8%B1+%D8%A7%D9%84%D9%85%D8%AA%D9%88%D8%B3%D8%B7%D8%8C+%D8%A7%D9%84%D8%B9%D9%82%D9%8A%D9%82%D8%8C+%D8%A7%D9%84%D8%B1%D9%8A%D8%A7%D8%B6+11564&ftid=0x3e2ee39649d3dff5:0x515628ad7aa11650&entry=gps&lucs=,94231188,47071704,94218641,94282134,94286869&g_ep=CAISEjI1LjIyLjAuNzYzNTE5NzAyMBgAINeCAyotLDk0MjMxMTg4LDQ3MDcxNzA0LDk0MjE4NjQxLDk0MjgyMTM0LDk0Mjg2ODY5QgJTQQ%3D%3D&skid=0c9dcc33-b345-48ab-ac07-f06f1d36f050",لا توجد إحداثيات
سرج,https://maps.app.goo.gl/DDPr5h9hTDb6uunC6,"https://maps.google.com/maps?q=%D9%85%D9%83%D8%AA%D8%A8+%D8%A7%D9%84%D9%86%D9%85%D8%A7%D8%A1+%D9%84%D9%84%D8%A7%D8%B3%D8%AA%D8%B4%D8%A7%D8%B1%D8%A7%D8%AA+%D8%A7%D9%84%D8%AA%D8%B9%D9%84%D9%8A%D9%85%D9%8A%D8%A9+%D9%88%D8%A7%D9%84%D8%AA%D8%B1%D8%A8%D9%88%D9%8A%D8%A9%D8%8C+7565%D8%8C+3470+%D8%B7%D9%84%D8%AD%D8%A9+%D8%A8%D9%86+%D8%B9%D8%A8%D9%8A%D8%AF+%D8%A7%D9%84%D9%84%D9%87%D8%8C+%D8%A7%D9%84%D8%AC%D8%B2%D9%8A%D8%B1%D8%A9+%D8%A7%D9%84%D8%B1%D9%8A%D8%A7%D8%B6+14251&ftid=0x3e2f0704b1823aa3:0x60551e6aee02e0a6&entry=gps&shh=CAE&lucs=,94297699,94231188,94280568,47071704,94218641,94282134,100813464,94286869&g_ep=CAISEjI2LjIzLjUuOTI0MzY0MTg2MBgAIIgnKkksOTQyOTc2OTksOTQyMzExODgsOTQyODA1NjgsNDcwNzE3MDQsOTQyMTg2NDEsOTQyODIxMzQsMTAwODEzNDY0LDk0Mjg2ODY5QgJTQQ%3D%3D&skid=46a5e0a8-fa98-468d-99c8-8dcd536b3288",لا توجد إحداثيات
ألق تِك,https://maps.app.goo.gl/qmDxPKNeJpAyYZqX7,"https://maps.google.com/maps?q=%D9%85%D9%83%D8%AA%D8%A8+%D8%A7%D9%84%D9%86%D9%85%D8%A7%D8%A1+%D9%84%D9%84%D8%A7%D8%B3%D8%AA%D8%B4%D8%A7%D8%B1%D8%A7%D8%AA+%D8%A7%D9%84%D8%AA%D8%B9%D9%84%D9%8A%D9%85%D9%8A%D8%A9+%D9%88%D8%A7%D9%84%D8%AA%D8%B1%D8%A8%D9%88%D9%8A%D8%A9%D8%8C+7565%D8%8C+3470+%D8%B7%D9%84%D8%AD%D8%A9+%D8%A8%D9%86+%D8%B9%D8%A8%D9%8A%D8%AF+%D8%A7%D9%84%D9%84%D9%87%D8%8C+%D8%A7%D9%84%D8%AC%D8%B2%D9%8A%D8%B1%D8%A9+%D8%A7%D9%84%D8%B1%D9%8A%D8%A7%D8%B6+14251&ftid=0x3e2f0704b1823aa3:0x60551e6aee02e0a6&entry=gps&shh=CAE&lucs=,94297699,94231188,94280568,47071704,94218641,94282134,100813464,94286869&g_ep=CAISEjI2LjIzLjUuOTI0MzY0MTg2MBgAIIgnKkksOTQyOTc2OTksOTQyMzExODgsOTQyODA1NjgsNDcwNzE3MDQsOTQyMTg2NDEsOTQyODIxMzQsMTAwODEzNDY0LDk0Mjg2ODY5QgJTQQ%3D%3D&skid=d2c59942-14a2-455f-bd61-d6bed1e7d093",لا توجد إحداثيات
حصن,https://maps.app.goo.gl/rRuDswNCwaErrp5cA,"https://maps.google.com/maps?q=%D9%85%D9%83%D8%AA%D8%A8+%D8%A7%D9%84%D9%86%D9%85%D8%A7%D8%A1+%D9%84%D9%84%D8%A7%D8%B3%D8%AA%D8%B4%D8%A7%D8%B1%D8%A7%D8%AA+%D8%A7%D9%84%D8%AA%D8%B9%D9%84%D9%8A%D9%85%D9%8A%D8%A9+%D9%88%D8%A7%D9%84%D8%AA%D8%B1%D8%A8%D9%88%D9%8A%D8%A9%D8%8C+7565%D8%8C+3470+%D8%B7%D9%84%D8%AD%D8%A9+%D8%A8%D9%86+%D8%B9%D8%A8%D9%8A%D8%AF+%D8%A7%D9%84%D9%84%D9%87%D8%8C+%D8%A7%D9%84%D8%AC%D8%B2%D9%8A%D8%B1%D8%A9+%D8%A7%D9%84%D8%B1%D9%8A%D8%A7%D8%B6+14251&ftid=0x3e2f0704b1823aa3:0x60551e6aee02e0a6&entry=gps&shh=CAE&lucs=,94297699,94231188,94280568,47071704,94218641,94282134,100813464,94286869&g_ep=CAISEjI2LjIzLjUuOTI0MzY0MTg2MBgAIIgnKkksOTQyOTc2OTksOTQyMzExODgsOTQyODA1NjgsNDcwNzE3MDQsOTQyMTg2NDEsOTQyODIxMzQsMTAwODEzNDY0LDk0Mjg2ODY5QgJTQQ%3D%3D&skid=31dc666c-3418-49d9-a0c4-1e867704bf22",لا توجد إحداثيات
بواكير,https://maps.app.goo.gl/rRuDswNCwaErrp5cA,"https://maps.google.com/maps?q=%D9%85%D9%83%D8%AA%D8%A8+%D8%A7%D9%84%D9%86%D9%85%D8%A7%D8%A1+%D9%84%D9%84%D8%A7%D8%B3%D8%AA%D8%B4%D8%A7%D8%B1%D8%A7%D8%AA+%D8%A7%D9%84%D8%AA%D8%B9%D9%84%D9%8A%D9%85%D9%8A%D8%A9+%D9%88%D8%A7%D9%84%D8%AA%D8%B1%D8%A8%D9%88%D9%8A%D8%A9%D8%8C+7565%D8%8C+3470+%D8%B7%D9%84%D8%AD%D8%A9+%D8%A8%D9%86+%D8%B9%D8%A8%D9%8A%D8%AF+%D8%A7%D9%84%D9%84%D9%87%D8%8C+%D8%A7%D9%84%D8%AC%D8%B2%D9%8A%D8%B1%D8%A9+%D8%A7%D9%84%D8%B1%D9%8A%D8%A7%D8%B6+14251&ftid=0x3e2f0704b1823aa3:0x60551e6aee02e0a6&entry=gps&shh=CAE&lucs=,94297699,94231188,94280568,47071704,94218641,94282134,100813464,94286869&g_ep=CAISEjI2LjIzLjUuOTI0MzY0MTg2MBgAIIgnKkksOTQyOTc2OTksOTQyMzExODgsOTQyODA1NjgsNDcwNzE3MDQsOTQyMTg2NDEsOTQyODIxMzQsMTAwODEzNDY0LDk0Mjg2ODY5QgJTQQ%3D%3D&skid=31dc666c-3418-49d9-a0c4-1e867704bf22",لا توجد إحداثيات
اللبنة الرابعة,https://share.google/i6Tuit7y8oLNJAtk4,⚠️ رابط غير واضح: https://www.google.com/share.google?q=i6Tuit7y8oLNJAtk4,لا توجد إحداثيات
صيف نبع 2026,https://maps.app.goo.gl/xs1PkAdR8rDE9H8h7,"https://maps.google.com/maps?q=%D9%85%D8%AF%D8%A7%D8%B1%D8%B3+%D8%A7%D9%84%D8%A8%D9%8A%D8%A7%D8%B1%D9%82+%D8%A7%D9%84%D8%A3%D9%87%D9%84%D9%8A%D8%A9%D8%8C+%D8%AC%D9%84%D9%88%D9%8A+%D8%A8%D9%86+%D8%B9%D8%A8%D8%AF%D8%A7%D9%84%D9%85%D8%AD%D8%B3%D9%86%D8%8C+%D8%A7%D9%84%D8%B1%D9%88%D8%A7%D8%A8%D9%8A%D8%8C+%D8%A7%D9%84%D8%B1%D9%8A%D8%A7%D8%B6+42421&ftid=0x3e2f076b3eae8fe1:0x9aadedcf3c5ce9ab&entry=gps&shh=CAE&lucs=,94297699,94231188,94280568,47071704,100809209,94218641,94282134,100813469,94286869&g_ep=CAISEjI2LjIxLjEuOTE3Mzg1NDY3MBgAIIgnKlMsOTQyOTc2OTksOTQyMzExODgsOTQyODA1NjgsNDcwNzE3MDQsMTAwODA5MjA5LDk0MjE4NjQxLDk0MjgyMTM0LDEwMDgxMzQ2OSw5NDI4Njg2OUICU0E%3D&skid=efd8aafe-701f-49ed-abe8-e62a101ae1a8",لا توجد إحداثيات
ارجوحة,https://maps.app.goo.gl/d26Kwk4DNfQ5vGwt8,"https://maps.google.com/maps?q=%D9%85%D8%AF%D8%A7%D8%B1%D8%B3+%D8%A7%D9%84%D8%A8%D9%8A%D8%A7%D8%B1%D9%82+%D8%A7%D9%84%D8%A3%D9%87%D9%84%D9%8A%D8%A9%D8%8C+%D8%AC%D9%84%D9%88%D9%8A+%D8%A8%D9%86+%D8%B9%D8%A8%D8%AF%D8%A7%D9%84%D9%85%D8%AD%D8%B3%D9%86%D8%8C+%D8%A7%D9%84%D8%B1%D9%88%D8%A7%D8%A8%D9%8A%D8%8C+%D8%A7%D9%84%D8%B1%D9%8A%D8%A7%D8%B6+42421&ftid=0x3e2f076b3eae8fe1:0x9aadedcf3c5ce9ab&entry=gps&shh=CAE&lucs=,94297699,94231188,94280568,47071704,94218641,94282134,100813464,94286869,100804975&g_ep=CAISEjI2LjIxLjEuOTE3Mzg1NDY3MBgAIIgnKlMsOTQyOTc2OTksOTQyMzExODgsOTQyODA1NjgsNDcwNzE3MDQsOTQyMTg2NDEsOTQyODIxMzQsMTAwODEzNDY0LDk0Mjg2ODY5LDEwMDgwNDk3NUICU0E%3D&skid=c2f48e87-e972-425d-9f85-fe6de3a6bc2c",لا توجد إحداثيات
فيض الرواد,https://maps.app.goo.gl/uZngbrihmLerEEj29,"https://maps.google.com/maps?q=%D9%81%D8%B1%D9%8A%D9%82+%D9%81%D9%8A%D8%B6+%D8%A7%D9%84%D8%B3%D8%B9%D9%88%D8%AF%D9%8A%D8%8C+7986+%D8%B9%D8%A7%D8%B7%D9%81+%D8%A8%D9%86+%D9%82%D8%A7%D8%B3%D9%85%D8%8C+%D8%A7%D9%84%D8%B1%D9%88%D8%A7%D8%A8%D9%8A%D8%8C+4784%D8%8C+%D8%A7%D9%84%D8%B1%D9%8A%D8%A7%D8%B6+14216&ftid=0x3e2f075f4748c5cd:0xc47ba6f1892541be&entry=gps&lucs=,94224825,94227247,94227248,47071704,47069508,94218641,94233073,94203019,47084304,94208458,94208447&g_ep=CAISDTYuMTQyLjAuOTE5NzAYACCs3wEqYyw5NDIyNDgyNSw5NDIyNzI0Nyw5NDIyNzI0OCw0NzA3MTcwNCw0NzA2OTUwOCw5NDIxODY0MSw5NDIzMzA3Myw5NDIwMzAxOSw0NzA4NDMwNCw5NDIwODQ1OCw5NDIwODQ0N0ICU0E%3D",لا توجد إحداثيات
صيف صاد,https://maps.app.goo.gl/vR4xL7usBG2FA8DU9,"https://maps.google.com/maps?q=%D8%B1%D9%88%D8%B6%D8%A9+%D8%A7%D9%84%D8%A8%D9%8A%D8%A7%D9%86%D8%8C+4994+%D8%A7%D9%84%D8%B7%D8%B1%D9%8A%D9%82+%D8%A7%D9%84%D8%AF%D8%A7%D8%A6%D8%B1%D9%8A+%D8%A7%D9%84%D8%B4%D8%B1%D9%82%D9%8A+%D8%A7%D9%84%D9%81%D8%B1%D8%B9%D9%8A%D8%8C+%D8%A7%D9%84%D8%B5%D9%81%D8%A7%D8%8C+%D8%A7%D9%84%D8%B1%D9%8A%D8%A7%D8%B6+12853&ftid=0x3e2f06fac073e029:0x942587c0b1bc226c&entry=gps&shh=CAE&lucs=,94297699,94231188,94280568,47071704,94218641,94282134,100813469,94286869,100813014&g_ep=CAISEjI2LjIzLjUuOTI0MzY0MTg2MBgAIIgnKlMsOTQyOTc2OTksOTQyMzExODgsOTQyODA1NjgsNDcwNzE3MDQsOTQyMTg2NDEsOTQyODIxMzQsMTAwODEzNDY5LDk0Mjg2ODY5LDEwMDgxMzAxNEICU0E%3D&skid=09124207-c978-4429-ac45-008e19178864",لا توجد إحداثيات
معين,https://maps.app.goo.gl/gmof9BFV5tEee22m6,"https://maps.google.com/maps?q=%D9%85%D8%AF%D8%A7%D8%B1%D8%B3+%D8%A7%D9%84%D8%A8%D9%8A%D8%A7%D8%B1%D9%82+%D8%A7%D9%84%D8%A3%D9%87%D9%84%D9%8A%D8%A9%D8%8C+%D8%AC%D9%84%D9%88%D9%8A+%D8%A8%D9%86+%D8%B9%D8%A8%D8%AF%D8%A7%D9%84%D9%85%D8%AD%D8%B3%D9%86%D8%8C+%D8%A7%D9%84%D8%B1%D9%88%D8%A7%D8%A8%D9%8A%D8%8C+%D8%A7%D9%84%D8%B1%D9%8A%D8%A7%D8%B6+42421&ftid=0x3e2f076b3eae8fe1:0x9aadedcf3c5ce9ab&entry=gps&shh=CAE&lucs=,94297699,94231188,94280568,47071704,94218641,100808654,94282134,100813469,94286869&g_ep=CAISEjI2LjIzLjUuOTI0MzY0MTg2MBgAIIgnKlMsOTQyOTc2OTksOTQyMzExODgsOTQyODA1NjgsNDcwNzE3MDQsOTQyMTg2NDEsMTAwODA4NjU0LDk0MjgyMTM0LDEwMDgxMzQ2OSw5NDI4Njg2OUICU0E%3D&skid=3ff36858-17be-4da0-8029-db3653468311",لا توجد إحداثيات
محبرة,https://maps.app.goo.gl/E7vXES9z3kxQnkao6,"https://maps.google.com/maps?q=%D8%A3%D9%83%D8%A7%D8%AF%D9%8A%D9%85%D9%8A%D8%A9+%D9%85%D9%83%D8%A7%D8%B1%D9%85+%D9%84%D9%84%D9%81%D8%AA%D9%8A%D8%A7%D8%AA%D8%8C+%D8%B4%D8%A7%D8%B1%D8%B9+%D8%A7%D9%84%D8%A5%D9%85%D8%A7%D9%85+%D8%A3%D8%AD%D9%85%D8%AF+%D8%A8%D9%86+%D8%AD%D9%86%D8%A8%D9%84%D8%8C+%D8%A7%D9%84%D8%B1%D9%88%D8%A7%D8%A8%D9%8A%D8%8C+%D8%A7%D9%84%D8%B1%D9%8A%D8%A7%D8%B6+14214&ftid=0x3e2f070b3bba2c09:0x2954f440c0916bae&entry=gps&shh=CAE&lucs=,94297699,94231188,94280568,47071704,94218641,94282134,100813469,94286869&g_ep=CAISEjI2LjIyLjIuOTIxMTAxNzU3MBgAIIgnKkksOTQyOTc2OTksOTQyMzExODgsOTQyODA1NjgsNDcwNzE3MDQsOTQyMTg2NDEsOTQyODIxMzQsMTAwODEzNDY5LDk0Mjg2ODY5QgJTQQ%3D%3D&skid=16057e6d-6cf0-4a10-b85c-370ac5c9c923",لا توجد إحداثيات
تحبير,https://maps.app.goo.gl/CDLCjqoSqCpkdJtPA,"https://maps.google.com/maps?q=%D8%AC%D9%85%D8%B9%D9%8A%D8%A9+%D9%85%D9%83%D9%86%D9%88%D9%86+-+%D8%A7%D9%84%D9%82%D8%B3%D9%85+%D8%A7%D9%84%D9%86%D8%B3%D8%A7%D8%A6%D9%8A%D8%8C+%D8%A7%D9%84%D9%86%D8%B9%D9%8A%D9%85%D8%8C+%D8%A7%D9%84%D8%B1%D8%A8%D9%88%D8%A9%D8%8C+%D8%A7%D9%84%D8%B1%D9%8A%D8%A7%D8%B6+12816&ftid=0x3e2f06aa704160a9:0x2da61aab25990e49&entry=gps&shh=CAE&lucs=,94297699,94231188,94280568,47071704,94218641,94282134,94286869&g_ep=CAISEjI2LjAxLjYuODUwMTM3Njc1MBgAIIgnKj8sOTQyOTc2OTksOTQyMzExODgsOTQyODA1NjgsNDcwNzE3MDQsOTQyMTg2NDEsOTQyODIxMzQsOTQyODY4NjlCAlNB&skid=13f87d3f-bbf0-40eb-9912-da05c67652da",لا توجد إحداثيات
مرسى سمَق - أكاديمية التبيان,https://maps.app.goo.gl/oQ5Bku4VEjsKnuxs8,"https://maps.google.com/maps?q=24.5566389,46.7053056&entry=gps&lucs=,94282563,94284505,94224825,94227247,94227248,94231188,47071704,47069508,94218641,94282134,94203019,47084304&g_ep=CAISEjI1LjMzLjIuNzkzNTkyNzA0MBgAIIgnKmwsOTQyODI1NjMsOTQyODQ1MDUsOTQyMjQ4MjUsOTQyMjcyNDcsOTQyMjcyNDgsOTQyMzExODgsNDcwNzE3MDQsNDcwNjk1MDgsOTQyMTg2NDEsOTQyODIxMzQsOTQyMDMwMTksNDcwODQzMDRCAlNB&skid=f39da78a-83fd-4054-b127-70d6724e37be",لا توجد إحداثيات
مرسى سمَق - مجمع الموسى,https://maps.app.goo.gl/9ooSFjr9x37pD7A96,"https://maps.google.com/maps?q=%D9%85%D8%AC%D9%85%D8%B9+%D8%A7%D9%84%D8%B4%D9%8A%D8%AE%D9%8A%D9%86+%D8%B3%D8%B9%D8%AF+%D9%88%D8%B9%D8%A8%D8%AF%D8%A7%D9%84%D8%B9%D8%B2%D9%8A%D8%B2+%D8%A7%D9%84%D9%85%D9%88%D8%B3%D9%89+%D9%84%D8%AA%D8%B9%D9%84%D9%8A%D9%85+%D8%A7%D9%84%D9%82%D8%B1%D8%A2%D9%86+%D8%A7%D9%84%D9%83%D8%B1%D9%8A%D9%85%D8%8C+%D8%A7%D9%84%D8%B1%D9%8A%D8%A7%D8%B6+-+%D8%A7%D9%84%D8%B4%D9%81%D8%A7-+%D8%AD%D9%8A+%D8%A8%D8%AF%D8%B1%D8%8C+%D8%A7%D9%84%D8%B1%D9%8A%D8%A7%D8%B6&ftid=0x3e2f0ea23a6cedbf:0xd82386291c54536b&entry=gps&lucs=,94282563,94284505,94224825,94227247,94227248,94231188,47071704,47069508,94218641,94282134,94203019,47084304&g_ep=CAISEjI1LjMzLjIuNzkzNTkyNzA0MBgAIIgnKmwsOTQyODI1NjMsOTQyODQ1MDUsOTQyMjQ4MjUsOTQyMjcyNDcsOTQyMjcyNDgsOTQyMzExODgsNDcwNzE3MDQsNDcwNjk1MDgsOTQyMTg2NDEsOTQyODIxMzQsOTQyMDMwMTksNDcwODQzMDRCAlNB&skid=4bf282f9-fc0c-403c-989d-17082eb44da3",لا توجد إحداثيات
إجلال,https://maps.app.goo.gl/nBihwnoUY3o5E1Z69,"https://maps.google.com/maps?q=%D9%85%D8%B1%D9%83%D8%B2+%D8%B9%D8%A7%D9%84%D9%85+%D8%AA%D9%83%D9%88%D9%8A%D9%86+%D9%84%D9%84%D8%A7%D8%B3%D8%AA%D8%B4%D8%A7%D8%B1%D8%A7%D8%AA+%D8%A7%D9%84%D8%AA%D8%B1%D8%A8%D9%88%D9%8A%D8%A9+%D9%88%D8%A7%D9%84%D8%AA%D8%B9%D9%84%D9%8A%D9%85%D9%8A%D8%A9%D8%8C+%D8%B4%D8%A7%D8%B1%D8%B9+%D8%B9%D8%A8%D8%AF%D8%A7%D9%84%D9%84%D9%87+%D8%A8%D9%86+%D8%B9%D8%A8%D8%A7%D8%B3%D8%8C+%D8%A7%D9%84%D8%B1%D9%88%D8%A7%D8%A8%D9%8A%D8%8C+%D8%A7%D9%84%D8%B1%D9%8A%D8%A7%D8%B6+11564&ftid=0x3e2f072543fd7eff:0xfb398e891c825a22&entry=gps&shh=CAE&lucs=,94297699,100795625,94231188,94280568,47071704,94218641,94282134,100813469,94286869&g_ep=CAISEjI2LjIzLjUuOTI0MzY0MTg2MBgAIIgnKlMsOTQyOTc2OTksMTAwNzk1NjI1LDk0MjMxMTg4LDk0MjgwNTY4LDQ3MDcxNzA0LDk0MjE4NjQxLDk0MjgyMTM0LDEwMDgxMzQ2OSw5NDI4Njg2OUICU0E%3D&skid=1103fd0a-329a-44b4-8930-c3e3db387fe4",لا توجد إحداثيات
حِلية - غرناطة,https://maps.app.goo.gl/quKp6YcGRxrgdfHs5,"https://maps.google.com/maps?q=%D8%AF%D8%A7%D8%B1+%D8%BA%D8%A7%D9%8A%D8%A9+%D8%A7%D9%84%D9%85%D8%B3%D8%A7%D8%A6%D9%8A%D8%A9+%D9%84%D8%AA%D8%AD%D9%81%D9%8A%D8%B8+%D8%A7%D9%84%D9%82%D8%B1%D8%A2%D9%86+%D8%A7%D9%84%D9%83%D8%B1%D9%8A%D9%85,+2618+Ibn+Khouzaima+Al+Ansari%D8%8C+%D8%AD%D9%8A+%D8%BA%D8%B1%D9%86%D8%A7%D8%B7%D8%A9%D8%8C+RFGA7626%D8%8C+7626,+Riyadh+13242&ftid=0x3e2efda55e2c9d8f:0xe348fb86f45d5618&entry=gps&lucs=,47071704,94218641&g_ep=CAISDTYuMTI0LjEuNzM0NDAYACDXggMqEiw0NzA3MTcwNCw5NDIxODY0MUICU0E%3D&skid=5c1a6d9d-1c17-4105-8573-824d83d52eec",لا توجد إحداثيات
حِلية - السويدي,https://maps.app.goo.gl/fFwgqHCKuusDm2zM6,"https://maps.google.com/maps?q=%D9%85%D8%AF%D8%B1%D8%B3%D8%A9+%D8%A3%D9%85%D9%8A%D9%85%D8%A9+%D8%A8%D9%86%D8%AA+%D8%A8%D8%B4%D8%B1+%D9%84%D8%AA%D8%AD%D9%81%D9%8A%D8%B8+%D8%A7%D9%84%D9%82%D8%B1%D8%A2%D9%86+%D8%A7%D9%84%D9%83%D8%B1%D9%8A%D9%85%D8%8C+7324+%D8%A7%D8%A8%D9%8A+%D8%A7%D9%84%D9%82%D8%A7%D8%B3%D9%85+%D8%A8%D9%86+%D9%85%D8%B3%D8%B9%D9%88%D8%AF%D8%8C+%D8%B8%D9%87%D8%B1%D8%A9+%D8%A7%D9%84%D8%A8%D8%AF%D9%8A%D8%B9%D8%A9%D8%8C+2797%D8%8C+%D8%A7%D9%84%D8%B1%D9%8A%D8%A7%D8%B6+12784&ftid=0x3e2f1abd5204d39d:0x3e7249592fdbaba7&entry=gps&shh=CAE&lucs=,94297699,94231188,94280568,47071704,94218641,94282134,100813469,94286869&g_ep=CAISEjI2LjIzLjUuOTI0MzY0MTg2MBgAIIgnKkksOTQyOTc2OTksOTQyMzExODgsOTQyODA1NjgsNDcwNzE3MDQsOTQyMTg2NDEsOTQyODIxMzQsMTAwODEzNDY5LDk0Mjg2ODY5QgJTQQ%3D%3D&skid=8934d29a-bb7a-4aae-9e5e-8cee82d923a1",لا توجد إحداثيات
همم للفتيات,https://maps.app.goo.gl/KeJFhG3toBRhg7eZA,"https://maps.google.com/maps?q=24.6776769,46.7792564&entry=gps&lucs=,94275309,94224825,94227247,94227248,94231188,47071704,47069508,94218641,94282134,94203019,47084304&g_ep=CAISEjI1LjI3LjEuNzc3NjcxOTc0MBgAIIgnKmMsOTQyNzUzMDksOTQyMjQ4MjUsOTQyMjcyNDcsOTQyMjcyNDgsOTQyMzExODgsNDcwNzE3MDQsNDcwNjk1MDgsOTQyMTg2NDEsOTQyODIxMzQsOTQyMDMwMTksNDcwODQzMDRCAlNB&skid=e1244d55-a7b7-4ba6-912f-04ab222956c2",لا توجد إحداثيات
أُبّهـة,https://maps.app.goo.gl/kLpbgyFziCf4SxX76,"https://maps.google.com/maps?q=%D9%85%D8%AF%D8%A7%D8%B1%D8%B3+%D8%A7%D9%84%D8%A3%D8%B1%D9%82%D9%85+%D8%A7%D9%84%D8%A7%D9%87%D9%84%D9%8A%D9%87+-+%D8%A8%D9%86%D8%A7%D8%AA%D8%8C+%D8%B9%D8%AA%D9%8A%D9%82+%D8%A7%D9%84%D9%85%D8%B7%D9%8A%D8%B1%D9%8A%D8%8C+3624+%D9%85%D8%AD%D9%85%D8%AF+%D8%B9%D9%84%D9%8A+%D8%AC%D9%86%D8%A7%D8%AD%D8%8C+%D8%BA%D8%B1%D9%86%D8%A7%D8%B7%D8%A9%D8%8C+%D8%A7%D9%84%D8%B1%D9%8A%D8%A7%D8%B6+13241&ftid=0x3e2efddd54f9526f:0x7236760d13397f0a&entry=gps&shh=CAE&lucs=,94297699,94231188,94280568,47071704,94218641,94282134,100813464,94286869&g_ep=CAISEjI2LjI0LjEuOTI4MjM2NTIyMBgAINeCAypJLDk0Mjk3Njk5LDk0MjMxMTg4LDk0MjgwNTY4LDQ3MDcxNzA0LDk0MjE4NjQxLDk0MjgyMTM0LDEwMDgxMzQ2NCw5NDI4Njg2OUICU0E%3D&skid=e8718a36-7a99-4525-ad16-84acbce7c4b5",لا توجد إحداثيات
صيف الارتواء,https://maps.app.goo.gl/RjuLbHFgk7wHnBaY7,https://www.google.com/maps/place/%D8%AC%D8%A7%D9%85%D8%B9+%D8%A7%D9%84%D8%B5%D8%A7%D9%86%D8%B9+%D8%A7%D9%84%D8%AE%D9%8A%D8%B1%D9%8A+%D8%A8%D8%A7%D9%84%D8%B3%D9%88%D9%8A%D8%AF%D9%8A%D8%8C+2857+%D8%A7%D9%84%D8%B3%D9%88%D9%8A%D8%AF%D9%8A+%D8%A7%D9%84%D8%B9%D8%A7%D9%85%D8%8C+%D8%A7%D9%84%D8%B3%D9%88%D9%8A%D8%AF%D9%8A%D8%8C+%D8%A7%D9%84%D8%B1%D9%8A%D8%A7%D8%B6+12794+7805+%D8%A7%D9%84%D8%B3%D9%88%D9%8A%D8%AF%D9%8A+%D8%A7%D9%84%D8%B9%D8%A7%D9%85%D8%8C+7805%D8%8C+%D8%A7%D9%84%D8%B3%D9%88%D9%8A%D8%AF%D9%8A%D8%8C+%D8%A7%D9%84%D8%B1%D9%8A%D8%A7%D8%B6+12794%E2%80%AD/data=!4m2!3m1!1s0x3e2f10013d68c899:0xdd4d3673d65193e2!18m1!1e1?utm_source=mstt_1&entry=gps&coh=192189&g_ep=CAESBzI2LjIzLjEYACDXggMqlQEsOTQyNjc3MjcsOTQyOTIxOTUsOTQyOTk1MzIsMTAwNzk2NDk4LDEwMDc5Nzc2MSwxMDA3OTY1MzUsOTQyODA1NzYsOTQyMDczOTQsOTQyMDc1MDYsOTQyMDg1MDYsOTQyMTg2NTMsOTQyMjk4MzksOTQyNzUxNjgsOTQyNzk2MTksMTAwNzkyNTY4LDEwMDgyMDIzN0ICU0E%3D&skid=33d3e849-130a-4933-80f6-c0c1184ba8f4,لا توجد إحداثيات
رحلة غرس,https://maps.app.goo.gl/RjuLbHFgk7wHnBaY7,https://www.google.com/maps/place/%D8%AC%D8%A7%D9%85%D8%B9+%D8%A7%D9%84%D8%B5%D8%A7%D9%86%D8%B9+%D8%A7%D9%84%D8%AE%D9%8A%D8%B1%D9%8A+%D8%A8%D8%A7%D9%84%D8%B3%D9%88%D9%8A%D8%AF%D9%8A%D8%8C+2857+%D8%A7%D9%84%D8%B3%D9%88%D9%8A%D8%AF%D9%8A+%D8%A7%D9%84%D8%B9%D8%A7%D9%85%D8%8C+%D8%A7%D9%84%D8%B3%D9%88%D9%8A%D8%AF%D9%8A%D8%8C+%D8%A7%D9%84%D8%B1%D9%8A%D8%A7%D8%B6+12794+7805+%D8%A7%D9%84%D8%B3%D9%88%D9%8A%D8%AF%D9%8A+%D8%A7%D9%84%D8%B9%D8%A7%D9%85%D8%8C+7805%D8%8C+%D8%A7%D9%84%D8%B3%D9%88%D9%8A%D8%AF%D9%8A%D8%8C+%D8%A7%D9%84%D8%B1%D9%8A%D8%A7%D8%B6+12794%E2%80%AD/data=!4m2!3m1!1s0x3e2f10013d68c899:0xdd4d3673d65193e2!18m1!1e1?utm_source=mstt_1&entry=gps&coh=192189&g_ep=CAESBzI2LjIzLjEYACDXggMqlQEsOTQyNjc3MjcsOTQyOTIxOTUsOTQyOTk1MzIsMTAwNzk2NDk4LDEwMDc5Nzc2MSwxMDA3OTY1MzUsOTQyODA1NzYsOTQyMDczOTQsOTQyMDc1MDYsOTQyMDg1MDYsOTQyMTg2NTMsOTQyMjk4MzksOTQyNzUxNjgsOTQyNzk2MTksMTAwNzkyNTY4LDEwMDgyMDIzN0ICU0E%3D&skid=33d3e849-130a-4933-80f6-c0c1184ba8f4,لا توجد إحداثيات
صيف سمو,https://maps.app.goo.gl/YKwzefKk1D4DNSjJ8,"https://www.google.com/maps/place/24.842817,46.602319/data=!4m6!3m5!1s0!7e2!8m2!3d24.8428173!4d46.6023195!18m1!1e1?utm_source=mstt_1&entry=gps&coh=192189&g_ep=CAESBzI2LjI0LjQYACDl7Q0qiwEsOTQyNjc3MjcsOTQyOTIxOTUsOTQyOTk1MzIsMTAwNzk2NDk4LDEwMDc5Nzc2MSwxMDA3OTY1MzUsOTQyODA1NzYsOTQyMDczOTQsOTQyMDc1MDYsOTQyMDg1MDYsOTQyMTg2NTMsOTQyMjk4MzksOTQyNzUxNjgsOTQyNzk2MTksMTAwODEyOTk0QgJTQQ%3D%3D&skid=7a311b28-8663-4f10-9f5d-b5efc67b4ffa","24.8428173, 46.6023195"
رحلة بين الهوايات,https://maps.app.goo.gl/nLs7A4UajHjMaX1V9,"https://maps.google.com/maps?q=%D8%A7%D9%86%D8%A8%D9%84%D8%A7%D8%AC%D8%8C+4395+7080+%D8%B7%D8%B1%D9%8A%D9%82+%D8%A7%D9%84%D8%A3%D9%85%D9%8A%D8%B1+%D9%85%D8%AD%D9%85%D8%AF+%D8%A8%D9%86+%D8%B3%D8%B9%D8%AF+%D8%A8%D9%86+%D8%B9%D8%A8%D8%AF%D8%A7%D9%84%D8%B9%D8%B2%D9%8A%D8%B2%D8%8C+%D8%A7%D9%84%D8%B9%D9%82%D9%8A%D9%82%D8%8C+%D8%A7%D9%84%D8%B1%D9%8A%D8%A7%D8%B6+13516&ftid=0x3e2ee300135c12f5:0x21eb7c5a4906900f&entry=gps&shh=CAE&lucs=,94297699,94231188,94280568,47071704,94218641,94282134,100813464,94286869,100813009&g_ep=CAISEjI2LjI0LjEuOTI4MjM2NTIyMBgAIIgnKlMsOTQyOTc2OTksOTQyMzExODgsOTQyODA1NjgsNDcwNzE3MDQsOTQyMTg2NDEsOTQyODIxMzQsMTAwODEzNDY0LDk0Mjg2ODY5LDEwMDgxMzAwOUICU0E%3D&skid=d17bf128-7544-4c25-b59d-17bb51be98d1",لا توجد إحداثيات
جناح ٤٨,https://maps.app.goo.gl/KUuAC1UpdiFd5CgEA,"https://maps.google.com/maps?q=%D9%85%D8%AF%D8%B1%D8%B3%D8%A9+%D8%B9%D8%A7%D8%A6%D8%B4%D8%A9+%D8%A8%D9%86%D8%AA+%D8%B3%D9%84%D9%8A%D9%85%D8%A7%D9%86+%D8%A7%D9%84%D8%B1%D8%A7%D8%AC%D8%AD%D9%8A+%D9%84%D8%AA%D8%B9%D9%84%D9%8A%D9%85+%D8%A7%D9%84%D9%82%D8%B1%D8%A1%D8%A7%D9%86+%D8%A7%D9%84%D9%83%D8%B1%D9%8A%D9%85%D8%8C+3850+%D9%85%D8%B5%D8%A7%D9%81%D9%8A%D8%8C+%D8%B4%D8%A8%D8%B1%D8%A7%D8%8C+%D8%A7%D9%84%D8%B1%D9%8A%D8%A7%D8%B6+12798&ftid=0x3e2f0fe465074863:0xfee6709e084d0e27&entry=gps&shh=CAE&lucs=,94297699,94231188,94280568,47071704,94218641,94282134,94286869&g_ep=CAISEjI1LjQ3LjAuODMzNTQyOTMwMBgAINeCAyo_LDk0Mjk3Njk5LDk0MjMxMTg4LDk0MjgwNTY4LDQ3MDcxNzA0LDk0MjE4NjQxLDk0MjgyMTM0LDk0Mjg2ODY5QgJTQQ%3D%3D&skid=8843354c-ad0f-45c2-aca0-72e54ee83f08",لا توجد إحداثيات
جناح 48 الصيفي,https://maps.app.goo.gl/7ApGjQbvTeijyDaB7,"https://maps.google.com/maps?q=%D9%85%D8%AF%D8%B1%D8%B3%D8%A9+%D8%B9%D8%A7%D8%A6%D8%B4%D8%A9+%D8%A8%D9%86%D8%AA+%D8%B3%D9%84%D9%8A%D9%85%D8%A7%D9%86+%D8%A7%D9%84%D8%B1%D8%A7%D8%AC%D8%AD%D9%8A+%D9%84%D8%AA%D8%B9%D9%84%D9%8A%D9%85+%D8%A7%D9%84%D9%82%D8%B1%D8%A1%D8%A7%D9%86+%D8%A7%D9%84%D9%83%D8%B1%D9%8A%D9%85%D8%8C+3850+%D9%85%D8%B5%D8%A7%D9%81%D9%8A%D8%8C+%D8%B4%D8%A8%D8%B1%D8%A7%D8%8C+%D8%A7%D9%84%D8%B1%D9%8A%D8%A7%D8%B6+12798&ftid=0x3e2f0fe465074863:0xfee6709e084d0e27&entry=gps&shh=CAE&lucs=,94297699,94231188,94280568,47071704,94218641,94282134,100813464,94286869,100820242,100813009&g_ep=CAISEjI2LjIwLjQuOTEzODcwMjQ0MBgAIIgnKl0sOTQyOTc2OTksOTQyMzExODgsOTQyODA1NjgsNDcwNzE3MDQsOTQyMTg2NDEsOTQyODIxMzQsMTAwODEzNDY0LDk0Mjg2ODY5LDEwMDgyMDI0MiwxMDA4MTMwMDlCAlNB&skid=c6c2c98f-feaa-4b72-af51-612c84529255",لا توجد إحداثيات
مدار - المركز المتقدم,https://maps.app.goo.gl/aV4pFT1rthX7opSm7,"https://www.google.com/maps/place/%D9%85%D8%AF%D8%B1%D8%B3%D8%A9+%D8%B1%D9%88%D8%A7%D8%AF+%D8%A7%D9%84%D8%AE%D9%84%D9%8A%D8%AC+%D8%A7%D9%84%D8%B9%D8%A7%D9%84%D9%85%D9%8A%D8%A9%E2%80%AD/@24.760828,46.7228874,17z/data=!3m1!4b1!4m6!3m5!1s0x3e2efd8804f1c88d:0x690ca1bd642f26cc!8m2!3d24.7608232!4d46.7203125!16s%2Fg%2F11c30xc9pd?entry=tts&g_ep=EgoyMDI2MDYxMy4wIPu8ASoASAFQAw%3D%3D&skid=b10a6f0b-4972-43d8-b1e0-30511bd6f7b8","24.760828, 46.7228874"
مدار - رواد الخليج,https://maps.app.goo.gl/n3fFsFN4FQQ6wVV99,"https://www.google.com/maps/place/%D9%85%D8%AF%D8%A7%D8%B1%D8%B3+%D8%A7%D9%84%D9%85%D8%AA%D9%82%D8%AF%D9%85%D8%A9+%D8%AD%D9%8A+%D8%A7%D9%84%D9%82%D9%8A%D8%B1%D9%88%D8%A7%D9%86%E2%80%AD/@24.8274186,46.5889218,17z/data=!3m1!4b1!4m6!3m5!1s0x3e2ee700375cfe3f:0xbd9ef39dadb3a86d!8m2!3d24.8274138!4d46.5863469!16s%2Fg%2F11w3n5cs0k?entry=tts&g_ep=EgoyMDI2MDYxMy4wIPu8ASoASAFQAw%3D%3D&skid=a8c0ca3a-907f-452e-a4ad-c3b3619cad24","24.8274186, 46.5889218"
قاطرة عجائب 2,https://maps.app.goo.gl/gzC8WR2LehHcbRZ78,"https://www.google.com/maps/place/%D8%AC%D9%85%D8%B9%D9%8A%D8%A9+%D8%A7%D9%84%D8%AA%D9%86%D9%85%D9%8A%D8%A9+%D8%A7%D9%84%D8%A3%D9%87%D9%84%D9%8A%D8%A9+%D8%A8%D8%A7%D9%84%D8%A8%D8%AF%D9%8A%D8%B9%D8%A9%E2%80%AD/@24.5904327,46.6467084,18z/data=!4m6!3m5!1s0x3e2f1b75a34579b1:0x397f08e2a94960eb!8m2!3d24.5901397!4d46.6450045!16s%2Fg%2F11gk8swqqv?entry=tts&g_ep=EgoyMDI2MDUxMy4wIPu8ASoASAFQAw%3D%3D&skid=e17ab563-149f-4139-9c0d-3437fd21b344","24.5904327, 46.6467084"
رَغِيـد,https://maps.app.goo.gl/Czq4SWdiAu9RkpMv5,"https://maps.google.com/maps?q=%D9%85%D8%AF%D8%A7%D8%B1%D8%B3+%D8%A7%D9%84%D8%A3%D8%B1%D9%82%D9%85+%D8%A7%D9%84%D8%A7%D9%87%D9%84%D9%8A%D9%87+-+%D8%A8%D9%86%D8%A7%D8%AA%D8%8C+%D8%B9%D8%AA%D9%8A%D9%82+%D8%A7%D9%84%D9%85%D8%B7%D9%8A%D8%B1%D9%8A%D8%8C+3624+%D9%85%D8%AD%D9%85%D8%AF+%D8%B9%D9%84%D9%8A+%D8%AC%D9%86%D8%A7%D8%AD%D8%8C+%D8%BA%D8%B1%D9%86%D8%A7%D8%B7%D8%A9%D8%8C+%D8%A7%D9%84%D8%B1%D9%8A%D8%A7%D8%B6+13241&ftid=0x3e2efddd54f9526f:0x7236760d13397f0a&entry=gps&shh=CAE&lucs=,94297699,94231188,94280568,47071704,94218641,94282134,100813464,94286869&g_ep=CAISEjI2LjI0LjEuOTI4MjM2NTIyMBgAINeCAypJLDk0Mjk3Njk5LDk0MjMxMTg4LDk0MjgwNTY4LDQ3MDcxNzA0LDk0MjE4NjQxLDk0MjgyMTM0LDEwMDgxMzQ2NCw5NDI4Njg2OUICU0E%3D&skid=dacef845-f1e4-4a3e-ad4b-bb3bf4a26ff2",لا توجد إحداثيات
مآب,https://maps.app.goo.gl/9oZXoBRRUyaohMqR6,"https://maps.google.com/maps?q=%D8%AF%D8%A7%D8%B1+%D9%84%D8%B7%D9%8A%D9%81%D8%A9+%D8%A7%D9%84%D8%AD%D9%85%D8%AF%D8%A7%D9%86+%D9%84%D8%AA%D8%AD%D9%81%D9%8A%D8%B8+%D8%A7%D9%84%D9%82%D8%B1%D8%A2%D9%86+%D8%A7%D9%84%D9%83%D8%B1%D9%8A%D9%85,+4422+8568+%D8%A7%D9%84%D8%AD%D8%A7%D8%B1%D8%AB+%D8%A7%D9%84%D8%A7%D8%B4%D8%B9%D8%B1%D9%89%D8%8C,+%D8%A7%D9%84%D8%B9%D8%A7%D8%B1%D8%B6%D8%8C+%D8%A7%D9%84%D8%B1%D9%8A%D8%A7%D8%B6+13331&ftid=0x3e2ee5f770662dbd:0x47442ce906f9e776&entry=gps&shh=CAE&lucs=,94297699,94231188,94280568,47071704,94218641,94282134,100813469,94286869,100820247&g_ep=CAISEjI2LjE3LjIuOTAyNzg4MTI0MBgAIIgnKlMsOTQyOTc2OTksOTQyMzExODgsOTQyODA1NjgsNDcwNzE3MDQsOTQyMTg2NDEsOTQyODIxMzQsMTAwODEzNDY5LDk0Mjg2ODY5LDEwMDgyMDI0N0ICU0E%3D&skid=fef9abe4-a9bd-4537-ac45-85f7926cba5d",لا توجد إحداثيات
وِصال,https://maps.app.goo.gl/pAwnqsNA13hpPfYJ9,https://www.google.com/maps/place/%D8%AC%D9%85%D8%B9%D9%8A%D8%A9+%D9%83%D9%88%D9%86+%D8%A7%D9%84%D9%86%D8%B3%D8%A7%D8%A6%D9%8A%D8%A9+%D9%84%D9%84%D8%B1%D9%8A%D8%A7%D8%AF%D8%A9+%D8%A7%D9%84%D8%B4%D8%A8%D8%A7%D8%A8%D9%8A%D8%A9%D8%8C+4705+%D8%B7%D8%B1%D9%8A%D9%82+%D8%A7%D9%84%D9%85%D9%84%D9%83+%D8%B9%D8%A8%D8%AF%D8%A7%D9%84%D8%B9%D8%B2%D9%8A%D8%B2%D8%8C+%D8%A7%D9%84%D9%81%D8%B1%D8%B9%D9%8A%D8%8C%D8%8C+%D8%A7%D9%84%D8%B1%D9%8A%D8%A7%D8%B6+12243%E2%80%AD/data=!4m2!3m1!1s0x3e2f034e3d8ec48f:0xf7b49ea1fe66c622!18m1!1e1?utm_source=mstt_1&entry=gps&coh=192189&g_ep=CAESBzI2LjIzLjEYACCIJyqBASw5NDI2NzcyNyw5NDI5MjE5NSw5NDI5OTUzMiwxMDA3OTY0OTgsMTAwNzk3NzYxLDEwMDc5NjUzNSw5NDI4MDU3Niw5NDIwNzM5NCw5NDIwNzUwNiw5NDIwODUwNiw5NDIxODY1Myw5NDIyOTgzOSw5NDI3NTE2OCw5NDI3OTYxOUICU0E%3D&skid=8db77f2e-f1dd-4620-8afd-456cc56b3d28,لا توجد إحداثيات
أُفق,https://maps.app.goo.gl/pAwnqsNA13hpPfYJ9,https://www.google.com/maps/place/%D8%AC%D9%85%D8%B9%D9%8A%D8%A9+%D9%83%D9%88%D9%86+%D8%A7%D9%84%D9%86%D8%B3%D8%A7%D8%A6%D9%8A%D8%A9+%D9%84%D9%84%D8%B1%D9%8A%D8%A7%D8%AF%D8%A9+%D8%A7%D9%84%D8%B4%D8%A8%D8%A7%D8%A8%D9%8A%D8%A9%D8%8C+4705+%D8%B7%D8%B1%D9%8A%D9%82+%D8%A7%D9%84%D9%85%D9%84%D9%83+%D8%B9%D8%A8%D8%AF%D8%A7%D9%84%D8%B9%D8%B2%D9%8A%D8%B2%D8%8C+%D8%A7%D9%84%D9%81%D8%B1%D8%B9%D9%8A%D8%8C%D8%8C+%D8%A7%D9%84%D8%B1%D9%8A%D8%A7%D8%B6+12243%E2%80%AD/data=!4m2!3m1!1s0x3e2f034e3d8ec48f:0xf7b49ea1fe66c622!18m1!1e1?utm_source=mstt_1&entry=gps&coh=192189&g_ep=CAESBzI2LjIzLjEYACCIJyqBASw5NDI2NzcyNyw5NDI5MjE5NSw5NDI5OTUzMiwxMDA3OTY0OTgsMTAwNzk3NzYxLDEwMDc5NjUzNSw5NDI4MDU3Niw5NDIwNzM5NCw5NDIwNzUwNiw5NDIwODUwNiw5NDIxODY1Myw5NDIyOTgzOSw5NDI3NTE2OCw5NDI3OTYxOUICU0E%3D&skid=8db77f2e-f1dd-4620-8afd-456cc56b3d28,لا توجد إحداثيات
كَون الحِرف,https://maps.app.goo.gl/DhKAkSfa9Dmf6ciN6,"https://maps.google.com/maps?q=%D8%AC%D9%85%D8%B9%D9%8A%D8%A9+%D9%83%D9%88%D9%86+%D8%A7%D9%84%D9%86%D8%B3%D8%A7%D8%A6%D9%8A%D8%A9+%D9%84%D9%84%D8%B1%D9%8A%D8%A7%D8%AF%D8%A9+%D8%A7%D9%84%D8%B4%D8%A8%D8%A7%D8%A8%D9%8A%D8%A9%D8%8C+4705+King+Abdulaziz+Rd%D8%8C+%D8%A7%D9%84%D9%81%D8%B1%D8%B9%D9%8A%D8%8C,+Riyadh+12243&ftid=0x3e2f034e3d8ec48f:0xf7b49ea1fe66c622&entry=gps&lucs=,94224825,94227247,94227248,94231188,47071704,47069508,94218641,94282134,94203019,47084304&g_ep=CAISEjI1LjI5LjEuNzgyOTg1OTc1MBgAIIgnKlosOTQyMjQ4MjUsOTQyMjcyNDcsOTQyMjcyNDgsOTQyMzExODgsNDcwNzE3MDQsNDcwNjk1MDgsOTQyMTg2NDEsOTQyODIxMzQsOTQyMDMwMTksNDcwODQzMDRCAlNB&skid=779f00a4-c006-4954-afd7-009451590e7e",لا توجد إحداثيات
روافد أكمام,https://maps.app.goo.gl/DxM1neWmEDW98niq6,"https://www.google.com/maps/place/%D8%AC%D9%85%D8%B9%D9%8A%D8%A9+%D8%A7%D9%84%D8%AA%D9%86%D9%85%D9%8A%D8%A9+%D8%A7%D9%84%D8%A3%D9%87%D9%84%D9%8A%D8%A9+%D8%A8%D8%A7%D9%84%D8%A8%D8%AF%D9%8A%D8%B9%D8%A9%E2%80%AD/@24.5904327,46.6467084,18z/data=!4m6!3m5!1s0x3e2f1b75a34579b1:0x397f08e2a94960eb!8m2!3d24.5901397!4d46.6450045!16s%2Fg%2F11gk8swqqv?entry=tts&g_ep=EgoyMDI2MDYxMy4wIPu8ASoASAFQAw%3D%3D&skid=0456cca0-5047-4779-a86b-c7f4450fe0c1","24.5904327, 46.6467084"
وتين,https://maps.app.goo.gl/pz3YCj2CJBgxA5WX7,https://www.google.com/maps/place/%D9%85%D8%B1%D9%83%D8%B2+%D9%85%D8%A4%D9%85%D9%86%D8%A9+.%D8%AC%D8%A7%D9%85%D8%B9+%D8%A7%D9%84%D8%B5%D8%A7%D9%86%D8%B9%D8%8C+%D8%AC%D8%A7%D9%85%D8%B9+%D8%A7%D9%84%D8%B5%D8%A7%D9%86%D8%B9%D8%8C+%D8%A7%D9%84%D8%B3%D9%88%D9%8A%D8%AF%D9%8A%D8%8C+%D8%A7%D9%84%D8%B1%D9%8A%D8%A7%D8%B6+12794%E2%80%AD/data=!4m2!3m1!1s0x3e2f1aa9dc690c13:0x3210185aeda734d3!18m1!1e1?utm_source=mstt_1&entry=gps&coh=192189&g_ep=CAESBzI2LjIzLjEYACDXggMqlQEsOTQyNjc3MjcsOTQyOTIxOTUsOTQyOTk1MzIsMTAwNzk2NDk4LDEwMDc5Nzc2MSwxMDA3OTY1MzUsOTQyODA1NzYsOTQyMDczOTQsOTQyMDc1MDYsOTQyMDg1MDYsOTQyMTg2NTMsOTQyMjk4MzksOTQyNzUxNjgsOTQyNzk2MTksMTAwNzkyNTY4LDEwMDgyMDIzN0ICU0E%3D&skid=bb77fdee-a305-4f88-8665-cb273df57040,لا توجد إحداثيات
